Denv1,Denv2,Denv3,Denv4
5.0e-5,5.0e-5,0.0,0.0
5.0e-5,5.0e-5,0.0,0
5.0e-5,5.0e-5,0.0,0
5.0e-5,5.0e-5,0.0001995,0
5.0e-5,5.0e-5,0,0
0.0001,5.0e-5,0.0001,0
5.0e-5,5.0e-5,0.0,0
5.0e-5,5.0e-5,0,0
5.0e-5,5.0e-5,0.0001,0
0.0001,0.0001,0.0003, 0.00005
5.0e-5,5.0e-5,0.0002,0.00005
0.0001,5.0e-5,0.0,0.00005
5.0e-5,5.0e-5,0.0,0.0
